area,mean_temp
SI_HA,13.554459056486987
BT,13.095411476910144
FM,8.896374532642495
JM,8.768235573530573
BS,8.437786086942953
FB,8.155217261486637
SI_EK,8.034596039980997
MU,6.852913334584836
HO,6.575638336780451
RA,6.496869514238801
