area,min_temp
SI_HA,7.826456566251519
BS,6.217173092675705
BT,5.865303586495145
FM,5.865303586495145
SI_EK,5.486519171778953
MU,5.15902058699723
FB,5.0445491731249135
HO,3.9945138024357183
JM,3.374251357643606
RA,3.058583630708014
