area,mean_temp
SI_HA,13.554459056461072
BT,13.09541147693254
FM,8.89637453268693
JM,8.768235573521665
BS,8.43778608693944
FB,8.155217261488247
SI_EK,8.034596039811865
MU,6.852913334604143
HO,6.575638336761813
RA,6.496869514232766
