area,min_temp
SI_HA,7.826456566251924
BS,6.217173092675705
BT,5.865303586576539
FM,5.865303586576539
SI_EK,5.486519171780062
MU,5.15902058699076
FB,5.04454917342069
HO,3.9945138024244176
JM,3.374251357642766
RA,3.0585836307080037
