area,min_temp
SI_HA,7.826456566251935
BS,6.217173092654132
BT,5.865303586599987
FM,5.865303586599987
SI_EK,5.486519171780002
MU,5.159020587035034
FB,5.044549173210686
HO,3.994513802419563
JM,3.374251357643684
RA,3.058583630708014
