area,min_temp
SI_HA,7.82645656625192
BS,6.217173092675707
BT,5.865303586577094
FM,5.865303586577094
SI_EK,5.486519171779932
MU,5.159020586662858
FB,5.044549172426738
HO,3.9945138024015696
JM,3.3742513576435686
RA,3.0585836305680125
